Designator,Val,Package,Mid X,Mid Y,Rotation,Layer
"C1","10uF","C_0603_1608Metric",64.254000,-12.692000,90.000000,top
"C2","10uF","C_0603_1608Metric",63.886000,-18.915000,180.000000,top
"C3","10uF","C_0603_1608Metric",21.074000,-42.156000,0.000000,top
"C4","100nF","C_0603_1608Metric",18.788000,-42.128000,-90.000000,top
"C5","47uF","C_0805_2012Metric",60.698000,-18.026000,90.000000,top
"C6","47uF","C_0805_2012Metric",58.666000,-18.026000,90.000000,top
"C7","2.2uF","C_0603_1608Metric",56.888000,-18.026000,90.000000,top
"C8","2.2uF","C_0603_1608Metric",50.538000,-16.756000,0.000000,top
"C9","2.2uF","C_0603_1608Metric",50.538000,-14.724000,0.000000,top
"C10","2.2uF","C_0603_1608Metric",22.598000,-2.578000,-90.000000,top
"C11","47uF","C_0805_2012Metric",21.582000,-5.118000,0.000000,top
"C12","47uF","C_0805_2012Metric",21.582000,-7.150000,0.000000,top
"C13","1uF","C_0603_1608Metric",56.844735,-10.152000,0.000000,top
"C14","100nF","C_0603_1608Metric",43.934000,-47.490000,-90.000000,top
"C15","100nF","C_0603_1608Metric",48.760000,-34.790000,0.000000,top
"C16","100nF","C_0603_1608Metric",41.648000,-33.520000,90.000000,top
"C17","100nF","C_0603_1608Metric",36.949000,-37.330000,180.000000,top
"C18","100nF","C_0603_1608Metric",48.252000,-41.140000,0.000000,top
"C19","100nF","C_0603_1608Metric",42.410000,-47.490000,-90.000000,top
"C20","100nF","C_0603_1608Metric",48.252000,-37.838000,0.000000,top
"C21","100nF","C_0603_1608Metric",36.568000,-42.664000,-135.000000,top
"C22","10uF","C_0603_1608Metric",52.303000,-7.104000,0.000000,top
"C23","1uF","C_0603_1608Metric",40.124000,-33.012000,90.000000,top
"C24","1uF","C_0603_1608Metric",48.252000,-36.314000,0.000000,top
"C25","100nF","C_0603_1608Metric",40.378000,-30.726000,0.000000,top
"C26","100nF","C_0603_1608Metric",18.534000,-23.484000,180.000000,top
"C27","10uF","CP_EIA-3216-18_Kemet-A",17.772000,-21.582000,180.000000,top
"C28","100nF","C_0603_1608Metric",28.948000,-23.360000,-90.000000,top
"C29","10uF","CP_EIA-3216-18_Kemet-A",32.300800,-23.868000,-90.000000,top
"C30","100nF","C_0603_1608Metric",19.042000,-28.694000,-90.000000,top
"C31","10uF","CP_EIA-3216-18_Kemet-A",17.010000,-29.456000,-90.000000,top
"C32","2.2uF","C_0603_1608Metric",22.865000,-21.582000,0.000000,top
"C33","2.2nF","C_0603_1608Metric",13.200000,-24.376000,0.000000,top
"C34","2.2nF","C_0603_1608Metric",13.949000,-22.852000,0.000000,top
"C35","20pF","C_0603_1608Metric",40.124000,-49.776000,180.000000,top
"C36","20pF","C_0603_1608Metric",43.172000,-49.776000,0.000000,top
"C37","2.2uF","C_0603_1608Metric",18.534000,-25.392000,180.000000,top
"C38","100nF","C_0603_1608Metric",30.472000,-24.884000,90.000000,top
"C39","10uF","CP_EIA-3216-18_Kemet-A",34.434400,-25.442800,90.000000,top
"C40","2.2uF","C_0603_1608Metric",13.454000,-20.596000,90.000000,top
"C41","2.2uF","C_0603_1608Metric",11.930000,-20.566000,90.000000,top
"C42","1uF","C_0603_1608Metric",9.140000,-15.000000,180.000000,top
"C43","1uF","C_0603_1608Metric",12.664000,-13.962000,180.000000,top
"C44","1uF","C_0603_1608Metric",16.022000,-14.720000,90.000000,top
"C45","100nF","C_0603_1608Metric",49.649000,-21.963000,-90.000000,top
"C46","100nF","C_0603_1608Metric",26.027000,-4.310000,-90.000000,top
"D1","1N4148WS","D_SOD-323",30.218000,-18.153000,180.000000,top
"FB1","600@100MHz","R_0805_2012Metric",25.075000,-1.770000,180.000000,top
"FB2","600@100MHz","R_0805_2012Metric",34.282000,-14.978000,-90.000000,top
"FB3","600@100MHz","R_0805_2012Metric",45.712000,-14.978000,90.000000,top
"FB4","600@100MHz","R_0805_2012Metric",42.664000,-14.978000,90.000000,top
"FB5","600@100MHz","R_0805_2012Metric",29.202000,-14.978000,-90.000000,top
"IC1","XC6206P332MR","SOT-23",64.127000,-16.121000,90.000000,top
"IC2","XC6206P332MR","SOT-23",54.094000,-17.772000,0.000000,top
"IC3","BQ24232HRGTR","QFN50P300X300X100-17N-D",54.570735,-13.200000,0.000000,top
"IC4","W25Q128JVS","SOIC-8_5.23x5.23mm_P1.27mm",34.028000,-33.012000,0.000000,top
"IC5","PCM5102A","TSSOP-20_4.4x6.5mm_P0.65mm",24.053500,-26.031000,0.000000,top
"IC6","RP2040","QFN-56-1EP_7x7mm_P0.4mm_EP3.2x3.2mm",42.642000,-40.513500,0.000000,top
"IC7","TPA6139A2RGTR","QFN50P300X300X100-17N-D",12.946000,-16.935200,180.000000,top
"IC8","H11L1","SMDIP-6_W9.53mm",42.857000,-23.868000,0.000000,top
"J1","5027740891","MOLEX_5027740891",8.899000,-41.765000,-90.000000,top
"J2","USB_C_Receptacle_USB2.0","USB_C_Receptacle_G-Switch_GT-USB-7010ASV",59.259735,-2.540000,180.000000,top
"J6","Headphones","PJ327C4A",13.500000,-5.072000,-90.000000,top
"J8","MIDI Out","PJ327C4A",44.188000,-5.072000,-90.000000,top
"J9","MIDI In","PJ327C4A",32.631000,-5.072000,-90.000000,top
"R1","10k","R_0603_1608Metric",57.606735,-13.962000,90.000000,top
"R2","3k","R_0603_1608Metric",58.368735,-11.676000,180.000000,top
"R3","10k","R_0603_1608Metric",59.130735,-13.962000,90.000000,top
"R5","5k1","R_0603_1608Metric",66.286000,-8.374000,0.000000,top
"R6","5k1","R_0603_1608Metric",54.558735,-8.628000,180.000000,top
"R7","4.3k","R_0603_1608Metric",53.796735,-10.152000,180.000000,top
"R8","10k","R_0603_1608Metric",51.510735,-11.422000,-90.000000,top
"R9","1M","R_0603_1608Metric",66.286000,-6.850000,0.000000,top
"R10","27","R_0603_1608Metric",44.188000,-33.774000,-135.000000,top
"R11","27","R_0603_1608Metric",45.966000,-34.282000,-135.000000,top
"R13","1k","R_0603_1608Metric",27.678000,-36.822000,0.000000,top
"R14","470","R_0603_1608Metric",14.470000,-25.900000,180.000000,top
"R15","470","R_0603_1608Metric",14.470000,-27.424000,180.000000,top
"R16","1k","R_0603_1608Metric",40.886000,-47.490000,-90.000000,top
"R17","100k","R_0603_1608Metric",70.350000,-8.120000,0.000000,top
"R18","100k","R_0603_1608Metric",73.398000,-8.120000,0.000000,top
"R19","82k","R_0805_2012Metric",9.136000,-16.752000,180.000000,top
"R20","33","R_0603_1608Metric",45.712000,-18.280000,90.000000,top
"R21","270","R_0603_1608Metric",49.649000,-25.011000,90.000000,top
"R22","220","R_0402_1005Metric",34.282000,-17.645000,-90.000000,top
"R23","10","R_0603_1608Metric",42.664000,-18.280000,90.000000,top
"SW1","MS-22D28-G020","MS22D28G020",70.858000,-15.704000,-90.000000,top
"SW2","SW_SPST","SW_Push_1P1T_XKB_TS-1187A",22.138000,-36.822000,0.000000,top
"Y1","12MHz 20pF Â±10ppm","Crystal_SMD_3225-4Pin_3.2x2.5mm",41.310000,-52.316000,180.000000,top
